カテゴリ,テーマタグ,書籍名,著者,紹介文の方向性,Amazonリンク,楽天リンク
育児,親子関係,子どもへのまなざし,佐々木正美,子育ての土台になる考え方を平易に語る一冊,https://www.amazon.co.jp/dp/B0CW1HB2PR/ref=cm_sw_r_as_gl_apa_gl_i_VPKDQDC6GEC8W75YE03Y?linkCode=ml1&tag=midan-22&linkId=994c8434ef52c74b9e068e62242e01d6&ascsubtag=srctok-26c9709d5742f6f9&btn_type=ss&btn_ref=srctok-26c9709d5742f6f9_ca&ref_=btn_assoc_p-other_o-2_srctok-26c9709d5742f6f9_ht-t&dplnkId=18059f5e-34aa-431f-bc57-dd18656b85a5,https://hb.afl.rakuten.co.jp/ichiba/5684d7af.879ff4c3.5684d7b0.e88d9f13/?pc=https%3A%2F%2Fitem.rakuten.co.jp%2Fbook%2F985135%2F&link_type=hybrid_url&ut=eyJwYWdlIjoiaXRlbSIsInR5cGUiOiJoeWJyaWRfdXJsIiwic2l6ZSI6IjI0MHgyNDAiLCJuYW0iOjEsIm5hbXAiOiJyaWdodCIsImNvbSI6MSwiY29tcCI6ImRvd24iLCJwcmljZSI6MSwiYm9yIjoxLCJjb2wiOjEsImJidG4iOjEsInByb2QiOjAsImFtcCI6ZmFsc2V9
育児,しつけ,子どもが幸せになることば,田中茂樹,叱らずに伝える言葉選びのヒント,https://www.amazon.co.jp/dp/4478106266/ref=cm_sw_r_as_gl_apa_gl_i_XK0GD3Z6MP1GHJAXK7BH?linkCode=ml1&tag=midan-22&linkId=61ff5d7b8ae5e3d722a33dc04cd0ac58&ascsubtag=srctok-48634b61807308ff&btn_type=ss&btn_ref=srctok-48634b61807308ff_ca&ref_=btn_assoc_p-other_o-2_srctok-48634b61807308ff_ht-t&dplnkId=1541748e-f827-41e6-a24c-1b6badbf1ad6,
育児,親子関係,子育てハッピーアドバイス,明橋大二,肩の力を抜いた子育て論,https://www.amazon.co.jp/dp/4925253212/ref=cm_sw_r_as_gl_apa_gl_i_75Q71Z2M1GMTE4F09MC8?linkCode=ml1&tag=midan-22&linkId=28a02501303c9bc214c9285ef4246ecf&ascsubtag=srctok-6dd8ad2924d7b77c&btn_type=ss&btn_ref=srctok-6dd8ad2924d7b77c_ca&ref_=btn_assoc_p-other_o-2_srctok-6dd8ad2924d7b77c_ht-t&dplnkId=110ddd78-8202-468a-a1df-d49cdcc934b5,
育児,成長,モンテッソーリ教育,相良敦子,子どもの自立を促す環境づくり,https://www.amazon.co.jp/dp/4309294618/ref=cm_sw_r_as_gl_apa_gl_i_6V6M7P1SM7NV15D7X9PY?linkCode=ml1&tag=midan-22&linkId=a4c039ce6ba404e6d4b501bf85e9ce3c&ascsubtag=srctok-4384d0ba12791b38&btn_type=ss&btn_ref=srctok-4384d0ba12791b38_ca&ref_=btn_assoc_p-other_o-2_srctok-4384d0ba12791b38_ht-t&dplnkId=29cbfc67-a3f7-44e1-8432-48c3df27b603,
育児,絵本読み聞かせ,えほんのせかい こどものせかい,松居直,絵本と子どもの心の育ちについて,https://www.amazon.co.jp/dp/4167909464/ref=cm_sw_r_as_gl_apa_gl_i_NK9S5P54A4K6C60E736W?linkCode=ml1&tag=midan-22&linkId=09d67d69aa94b8ed5711ccca2269cc55&ascsubtag=srctok-7b2c0eb454b83eb1&btn_type=ss&btn_ref=srctok-7b2c0eb454b83eb1_ca&ref_=btn_assoc_p-other_o-2_srctok-7b2c0eb454b83eb1_ht-t&dplnkId=1bd4431c-33ea-41ed-b367-226c649c445e,
育児,自立,子どもは40000回質問する,イアン・レズリー,好奇心を伸ばす関わり方,https://www.amazon.co.jp/dp/4334770533/ref=cm_sw_r_as_gl_apa_gl_i_VNKD0AQQ2SEGT7R03SAA?linkCode=ml1&tag=midan-22&linkId=94758263c89823809bc59c7507b7d97b&ascsubtag=srctok-49d194b6c4ab0492&btn_type=ss&btn_ref=srctok-49d194b6c4ab0492_ca&ref_=btn_assoc_p-other_o-2_srctok-49d194b6c4ab0492_ht-t&dplnkId=b0bfe039-e573-42e7-9230-a9da37da7b13,
育児,愛着,愛着障害,岡田尊司,親子の絆と心の安定について,https://www.amazon.co.jp/dp/4334036430/ref=cm_sw_r_as_gl_apa_gl_i_0BS51S1T8JSB5NEDV3BD?linkCode=ml1&tag=midan-22&linkId=cdfe87b6ef70b4ef64c0cf1ee6c613d7&ascsubtag=srctok-2b1bfd4a328cd782&btn_type=ss&btn_ref=srctok-2b1bfd4a328cd782_ca&ref_=btn_assoc_p-other_o-2_srctok-2b1bfd4a328cd782_ht-t&dplnkId=7ac95cdc-4588-4fdc-bd34-3c876052adfc,
育児,子育ての不安,不安な子育てが子どもをダメにする,佐々木正美,親自身の不安との向き合い方,https://www.amazon.co.jp/dp/B01MG1MGTS/ref=cm_sw_r_as_gl_apa_gl_i_ZSGESHVAS3WCDSPCAGAD?linkCode=ml1&tag=midan-22&linkId=98692460ae0fb702a6df2577b84d8664&ascsubtag=srctok-37f9547ad5bcd610&btn_type=ss&btn_ref=srctok-37f9547ad5bcd610&ref_=btn_assoc_p-other_o-2_srctok-37f9547ad5bcd610_ht-t,
倫理・人生観,因果応報,道は開ける,デール・カーネギー,困難への向き合い方の古典的名著,https://www.amazon.co.jp/dp/4422100998/ref=cm_sw_r_as_gl_apa_gl_i_2ZVSMK1D9H5HGWVAZA76?linkCode=ml1&tag=midan-22&linkId=686639bac6516074e636f0650a5df9d3&ascsubtag=srctok-5d8075a454f13b38&btn_type=ss&btn_ref=srctok-5d8075a454f13b38_ca&ref_=btn_assoc_p-other_o-2_srctok-5d8075a454f13b38_ht-t&dplnkId=0482ae9e-b02b-4311-99b5-12fe8a3602ea,
倫理・人生観,欲望,人生の短さについて,セネカ,時間の使い方と人生の本質を説く古典,https://www.amazon.co.jp/dp/4334753507/ref=cm_sw_r_as_gl_apa_gl_i_C39QKYFYSVHFMSPQGVKE?linkCode=ml1&tag=midan-22&linkId=1d626e23be4732c19e2dd4ff1ea0841b&ascsubtag=srctok-198e8d21dada7f03&btn_type=ss&btn_ref=srctok-198e8d21dada7f03_ca&ref_=btn_assoc_p-other_o-2_srctok-198e8d21dada7f03_ht-t&dplnkId=8e88a084-a26e-4360-86af-3a243482c615,
倫理・人生観,知恵,思考の整理学,外山滋比古,知恵の育て方についての随筆,https://www.amazon.co.jp/dp/4480439129/ref=cm_sw_r_as_gl_apa_gl_i_TP37MMNV3086KY08WAWM?linkCode=ml1&tag=midan-22&linkId=11be6459ab8ba13fcd1d35f30385bad1&ascsubtag=srctok-3e53dc2241e87bdd&btn_type=ss&btn_ref=srctok-3e53dc2241e87bdd_ca&ref_=btn_assoc_p-other_o-2_srctok-3e53dc2241e87bdd_ht-t&dplnkId=75b62ef3-6d7d-4d64-930d-65b2cf81a412,
倫理・人生観,誠実さ,嫌われる勇気,岸見一郎・古賀史健,対人関係と自分らしい生き方,https://www.amazon.co.jp/dp/4478025819/ref=cm_sw_r_as_gl_apa_gl_i_FGYAG39Q9X4T89BKAWBC?linkCode=ml1&tag=midan-22&linkId=ad791d43ee3a0a1195a607b438559d71&ascsubtag=srctok-5b9f2c8a54d3e9ce&btn_type=ss&btn_ref=srctok-5b9f2c8a54d3e9ce_ca&ref_=btn_assoc_p-other_o-2_srctok-5b9f2c8a54d3e9ce_ht-t&dplnkId=d797a2b7-5492-446e-a907-d6ada6e839bb,
倫理・人生観,自己犠牲,愛するということ,エーリッヒ・フロム,他者への愛と献身の本質を問う,https://www.amazon.co.jp/dp/4314011777/ref=cm_sw_r_as_gl_apa_gl_i_1X1P1AHXQ3Y2YGBTPSN9?linkCode=ml1&tag=midan-22&linkId=574b80ce8d50d547b9b9658a5d58b435&ascsubtag=srctok-76b26d313b78a808&btn_type=ss&btn_ref=srctok-76b26d313b78a808_ca&ref_=btn_assoc_p-other_o-2_srctok-76b26d313b78a808_ht-t&dplnkId=f2132875-2176-49d1-9bd1-8bd3f20cbd82,
倫理・人生観,欺瞞と信頼,人を動かす,デール・カーネギー,信頼関係の築き方の古典,https://www.amazon.co.jp/dp/442210134X/ref=cm_sw_r_as_gl_apa_gl_i_ES1WGV8MAZPE84DVBE5Z?linkCode=ml1&tag=midan-22&linkId=ee41bbf88bbc01fb4393a3cf318fda59&ascsubtag=srctok-0077f3695f520623&btn_type=ss&btn_ref=srctok-0077f3695f520623_ca&ref_=btn_assoc_p-other_o-2_srctok-0077f3695f520623_ht-t&dplnkId=af3018ee-17c2-43f6-80b2-2bae164299be,
倫理・人生観,老いと死,死ぬ瞬間,エリザベス・キューブラー・ロス,人生の終わりと向き合う視点,https://www.amazon.co.jp/dp/4122068282/ref=cm_sw_r_as_gl_apa_gl_i_MJADSBP16X6NV82BVD4E?linkCode=ml1&tag=midan-22&linkId=ffa61117d9e0e3df899c822e13393016&ascsubtag=srctok-34a86b7bb6c8e024&btn_type=ss&btn_ref=srctok-34a86b7bb6c8e024_ca&ref_=btn_assoc_p-other_o-2_srctok-34a86b7bb6c8e024_ht-t&dplnkId=546d8fae-0cbf-4ae0-822c-e2f32b1583c9,
倫理・人生観,自由と責任,自由からの逃走,エーリッヒ・フロム,自由の重さと責任について,https://www.amazon.co.jp/dp/4488006515/ref=cm_sw_r_as_gl_apa_gl_i_WZK6SCEYD481DF5G2BSJ?linkCode=ml1&tag=midan-22&linkId=1cb0577d6367ad1562249915ecb75cff&ascsubtag=srctok-442f00d58ec807b7&btn_type=ss&btn_ref=srctok-442f00d58ec807b7&ref_=btn_assoc_p-other_o-2_srctok-442f00d58ec807b7_ht-t,
倫理・人生観,幸福論,幸福論,アラン,日常の中の幸福についての随筆,https://www.amazon.co.jp/dp/4799318063/ref=cm_sw_r_as_gl_apa_gl_i_S5J1SD14FHKHYMB0VDNJ?linkCode=ml1&tag=midan-22&linkId=62ed5ff4dd7fe8cbcbcd8e5f60bdd9c7&ascsubtag=srctok-18f787410aa3fb54&btn_type=ss&btn_ref=srctok-18f787410aa3fb54_ca&ref_=btn_assoc_p-other_o-2_srctok-18f787410aa3fb54_ht-t&dplnkId=48a3b200-5bec-4a9c-8c77-622ee0f50ca2,
倫理・人生観,勇気,夜と霧,ヴィクトール・フランクル,極限状況における人間の尊厳,https://www.amazon.co.jp/dp/4622039702/ref=cm_sw_r_as_gl_apa_gl_i_ATYAYCNBKSCW3H3KWKCR?linkCode=ml1&tag=midan-22&linkId=5a72e63256bf9651535b1c9f15d513a3&ascsubtag=srctok-39cf0098428c01b0&btn_type=ss&btn_ref=srctok-39cf0098428c01b0_ca&ref_=btn_assoc_p-other_o-2_srctok-39cf0098428c01b0_ht-t&dplnkId=5bbfe9f7-5d77-4714-9d0a-9beca7ad7b46,
