カテゴリ,テーマタグ,商品名,ブランド/メーカー,紹介文の方向性,Amazonリンク,楽天リンク
防災グッズ,備え・リスク管理,防災リュック(非常用持ち出し袋 セット),各社(アイリスオーヤマ等),水・食料・ライトが揃った一人用セット。「備えていなかった」を防ぐ第一歩に,https://www.amazon.co.jp/%E9%98%B2%E7%81%BD%E5%A3%AB%E3%81%8C%E7%9B%A3%E4%BF%AE%E3%81%97%E3%81%9F-%E9%98%B2%E7%81%BD%E3%83%AA%E3%83%A5%E3%83%83%E3%82%AF-%E3%81%9F%E3%81%A3%E3%81%9F%E3%81%93%E3%82%8C%E3%81%A0%E3%81%91%EF%BC%81-%E9%9D%9E%E5%B8%B8%E7%94%A8%E6%8C%81%E3%81%A1%E5%87%BA%E3%81%97%E8%A2%8B-%E9%98%B2%E7%81%BD%E3%81%AE%E3%83%9F%E3%82%AB%E3%82%BF/dp/B0CT5F95R3?__mk_ja_JP=%E3%82%AB%E3%82%BF%E3%82%AB%E3%83%8A&content-id=amzn1.sym.bf0b11af-1316-4df9-89e6-e3b9a4642110%3Aamzn1.sym.bf0b11af-1316-4df9-89e6-e3b9a4642110&crid=2EEPAFFZA4LBY&cv_ct_cx=%E9%98%B2%E7%81%BD%E3%83%AA%E3%83%A5%E3%83%83%E3%82%AF%28%E9%9D%9E%E5%B8%B8%E7%94%A8%E6%8C%81%E3%81%A1%E5%87%BA%E3%81%97%E8%A2%8B%2B%E3%82%BB%E3%83%83%E3%83%88%29&keywords=%E9%98%B2%E7%81%BD%E3%83%AA%E3%83%A5%E3%83%83%E3%82%AF%28%E9%9D%9E%E5%B8%B8%E7%94%A8%E6%8C%81%E3%81%A1%E5%87%BA%E3%81%97%E8%A2%8B%2B%E3%82%BB%E3%83%83%E3%83%88%29&pd_rd_i=B0CT5F95R3&pd_rd_r=edbe2e23-9a57-4e56-b09a-4b2e6f31b81a&pd_rd_w=WHIRL&pd_rd_wg=bLYQW&pf_rd_p=bf0b11af-1316-4df9-89e6-e3b9a4642110&pf_rd_r=CT9ESYJ4CRPDRBQRGGHT&qid=1786580099&sbo=RZvfv%2F%2FHxDF%2BO5021pAnSA%3D%3D&sprefix=%E9%98%B2%E7%81%BD%E3%83%AA%E3%83%A5%E3%83%83%E3%82%AF%2B%E9%9D%9E%E5%B8%B8%E7%94%A8%E6%8C%81%E3%81%A1%E5%87%BA%E3%81%97%E8%A2%8B%2B%E3%82%BB%E3%83%83%E3%83%88%2B%2Caps%2C275&sr=1-1-9ad0563b-de06-426f-a1d3-3a92323660bd-spons&ufe=app_do%3Aamzn1.fos.35785624-70c4-44ae-a5c3-3f044f475d63&sp_csd=d2lkZ2V0TmFtZT1zcF9zZWFyY2hfdGhlbWF0aWM&th=1&linkCode=ll2&tag=midan-22&linkId=ef0c3ab7bfd3cfa54f0280049db8e0d0&ref_=as_li_ss_tl,
防災グッズ,情報収集,モバイルバッテリー(大容量・ケーブル一体型),各社,停電時の情報収集・連絡手段を絶やさないための一台,https://www.amazon.co.jp/Anker-Power-10000mAh-Fusion-Built/dp/B0CX4C1TVK?dib=eyJ2IjoiMSJ9.j6l9Yqkkl0qUM5hv1fSIXCJ2nNiAmZJApNAXP9Al3_iATIyWFJn7ftAXXanQs47ZQiAcVqWT68M2iU1mswKtNp8WepEw8pellqE7o8JdAWZJbIdcGeiG0QqBcTTL_Kcxc65C2hJGfY6wP7Md61szO4bnitDWjyl-zo592j6b2ZRTLEXZWPy8HnhHnkj6kwR3YoTtotkYnWYr-qQ8rFW_srx6eFvMg353ObCf5CQcro8D0BXtq0yll4QOz_lLD-Uo2eCYEBLJqHC4GvPYaUvYXaO7hBY3FNfretqm_iY_lpM.2Hm83JHQMWyQJs8ZrJ7qCzgWtNNgqzvGdVPCWulWq1s&dib_tag=se&keywords=%E3%83%A2%E3%83%90%E3%82%A4%E3%83%AB%E3%83%90%E3%83%83%E3%83%86%E3%83%AA%E3%83%BC%28%E5%A4%A7%E5%AE%B9%E9%87%8F%E3%83%BB%E3%82%B1%E3%83%BC%E3%83%96%E3%83%AB%E4%B8%80%E4%BD%93%E5%9E%8B%29&qid=1786580204&sr=8-1-spons&ufe=app_do%3Aamzn1.fos.35785624-70c4-44ae-a5c3-3f044f475d63&sp_csd=d2lkZ2V0TmFtZT1zcF9hdGY&th=1&linkCode=ll2&tag=midan-22&linkId=4c0c183dbd3b62e4f6814965401ccab1&ref_=as_li_ss_tl,
防災グッズ,備蓄,長期保存水・非常食セット,各社,「足りているつもりで足りていない」を防ぐ備蓄の基本,https://www.amazon.co.jp/%E9%98%B2%E7%81%BD%E5%A3%AB%E7%9B%A3%E4%BF%AE-%E9%95%B7%E6%9C%9F%E4%BF%9D%E5%AD%98%E9%A3%9F-%E9%9D%9E%E5%B8%B8%E7%94%A8%E9%A3%9F%E6%96%99-%E9%98%B2%E7%81%BD%E3%81%AE%E3%83%9F%E3%82%AB%E3%82%BF-%E9%9D%9E%E5%B8%B8%E9%A3%9F%E3%82%BB%E3%83%83%E3%83%88/dp/B0D32QP686?__mk_ja_JP=%E3%82%AB%E3%82%BF%E3%82%AB%E3%83%8A&crid=33XB5OXP0C0OI&dib=eyJ2IjoiMSJ9.NLiJD0fimBqX8TGX5hD9NcEEOuuqEcQbJyLZIWc08W3fYmb5T8e0hnHIT-fPsVUFm7504exwaqKm6p4JJOrL1OKnOLpeCjBPphgSa6dzBeH1FU5hBxegnKFKjz-EfZ2Pq0iODZOyDs9PS_o2TJukNJS6s-0Gc5VBTgILeZl15_YBdEWR3wXX_-Y1z5KQKQYoH19hT421cIANYIB_bG2Sokjh2RTUQfknRbGkR10NI3FpNlEmZaof0zShPJ4mT4HK2xyxKrB6t7sOp8sop85RD78zJWCAZ4E56ihJ6O8kxxY.0_ZXPKAmNFXMl_ZGLPeF09taQoe-6j6fhmgh3i7wZb0&dib_tag=se&keywords=%E9%95%B7%E6%9C%9F%E4%BF%9D%E5%AD%98%E6%B0%B4%E3%83%BB%E9%9D%9E%E5%B8%B8%E9%A3%9F%E3%82%BB%E3%83%83%E3%83%88&qid=1786580234&sprefix=%E9%95%B7%E6%9C%9F%E4%BF%9D%E5%AD%98%E6%B0%B4+%E9%9D%9E%E5%B8%B8%E9%A3%9F%E3%82%BB%E3%83%83%E3%83%88%2Caps%2C221&sr=8-1-spons&sp_csd=d2lkZ2V0TmFtZT1zcF9hdGY&psc=1&linkCode=ll2&tag=midan-22&linkId=0b4e86c3643374bb87b876c950696a57&ref_=as_li_ss_tl,
防災グッズ,衛生・二次被害対策,簡易トイレ(携帯トイレ 凝固剤セット),各社,見落とされがちだが在宅避難で最初に困る衛生面の備え,https://www.amazon.co.jp/Fanxieast-%E7%B0%A1%E5%8D%98%E3%83%88%E3%82%A4%E3%83%AC%E6%90%BA%E5%B8%AF%E3%83%88%E3%82%A4%E3%83%AC-%E7%B0%A1%E6%98%93%E3%83%88%E3%82%A4%E3%83%AC%E3%80%90%E9%98%B2%E7%81%BD%E5%A3%AB%E3%81%8C%E7%9B%A3%E4%BF%AE%E3%80%91-%E6%95%91%E6%80%A5%E3%83%88%E3%82%A4%E3%83%AC%E7%81%BD%E5%AE%B3%E7%94%A8-%E6%97%A5%E6%9C%AC%E8%AA%9E%E5%8F%96%E6%89%B1%E8%AA%AC%E6%98%8E%E6%9B%B8%EF%BC%88120%E5%9B%9E%EF%BC%89/dp/B0F9FKGTB8?__mk_ja_JP=%E3%82%AB%E3%82%BF%E3%82%AB%E3%83%8A&crid=MQUCXI9RYXUZ&dib=eyJ2IjoiMSJ9.nOn-yTbkjSmolQCyWfA24JkSUgyntHa3UzmXTuO9tMlw_GMlwYzTyUePaiJeC-D3mvw_wyFVQuzeKcFolbhQpbWK2-H9iB5wFoWXQwVdaBRiyGSZcAB3mXa_kXIhXJSkclZrWjxW_5Gd2OkHYuak9Wrbzses3iV61ahKyyuDvAgBAOkdfKL3XN9A1lIY4WExOhY-jqkhUkQJW45HaKcdaipFS5P1u8KgHY0CGmMbG0eX_GzBqgWmHEjbBDRYd41FXJElnD6H98M2e5wDwp6N-luNZXb7nGRNjj872nXFPio.FIM4NFpfUOMa6luQpnPmfmiysvHgwpx4bOzqrGp6DkQ&dib_tag=se&keywords=%E7%B0%A1%E6%98%93%E3%83%88%E3%82%A4%E3%83%AC%28%E6%90%BA%E5%B8%AF%E3%83%88%E3%82%A4%E3%83%AC%2B%E5%87%9D%E5%9B%BA%E5%89%A4%E3%82%BB%E3%83%83%E3%83%88%29&qid=1786580284&sprefix=%E7%B0%A1%E6%98%93%E3%83%88%E3%82%A4%E3%83%AC%2B%E6%90%BA%E5%B8%AF%E3%83%88%E3%82%A4%E3%83%AC%2B%E5%87%9D%E5%9B%BA%E5%89%A4%E3%82%BB%E3%83%83%E3%83%88%2B%2Caps%2C205&sr=8-1-spons&sp_csd=d2lkZ2V0TmFtZT1zcF9hdGY&th=1&linkCode=ll2&tag=midan-22&linkId=176072c775fb167737f3ff6e6955a46b&ref_=as_li_ss_tl,
防災グッズ,情報収集,防災ラジオ(手回し・ソーラー充電対応),各社,停電時でも情報を得られる、電池切れを気にしない一台,https://www.amazon.co.jp/%E3%82%BD%E3%83%BC%E3%83%A9%E3%83%BC%EF%BC%86%E6%89%8B%E5%9B%9E%E3%81%97%E5%85%85%E9%9B%BB-%E3%83%9D%E3%83%BC%E3%82%BF%E3%83%96%E3%83%AB%E3%83%A9%E3%82%B8%E3%82%AA-LED%E6%87%90%E4%B8%AD%E9%9B%BB%E7%81%AF%EF%BC%86%E8%AA%AD%E6%9B%B8%E3%83%A9%E3%83%B3%E3%83%97-7400mWh%E5%A4%A7%E5%AE%B9%E9%87%8F%E3%83%90%E3%83%83%E3%83%86%E3%83%AA%E3%83%BC-%E5%AE%B6%E5%BA%AD%E7%94%A8%EF%BC%86%E3%82%A2%E3%82%A6%E3%83%88%E3%83%89%E3%82%A2/dp/B0F39D4PXW?__mk_ja_JP=%E3%82%AB%E3%82%BF%E3%82%AB%E3%83%8A&content-id=amzn1.sym.bf0b11af-1316-4df9-89e6-e3b9a4642110%3Aamzn1.sym.bf0b11af-1316-4df9-89e6-e3b9a4642110&crid=WDM6NNYQ3R11&cv_ct_cx=%E9%98%B2%E7%81%BD%E3%83%A9%E3%82%B8%E3%82%AA%28%E6%89%8B%E5%9B%9E%E3%81%97%E3%83%BB%E3%82%BD%E3%83%BC%E3%83%A9%E3%83%BC%E5%85%85%E9%9B%BB%E5%AF%BE%E5%BF%9C%29&keywords=%E9%98%B2%E7%81%BD%E3%83%A9%E3%82%B8%E3%82%AA%28%E6%89%8B%E5%9B%9E%E3%81%97%E3%83%BB%E3%82%BD%E3%83%BC%E3%83%A9%E3%83%BC%E5%85%85%E9%9B%BB%E5%AF%BE%E5%BF%9C%29&pd_rd_i=B0F39D4PXW&pd_rd_r=3d8bca78-0c32-4988-8719-9cf66ff1e94a&pd_rd_w=RA7Sz&pd_rd_wg=zvIWG&pf_rd_p=bf0b11af-1316-4df9-89e6-e3b9a4642110&pf_rd_r=HRV6DH8D8X0YJ1WHFSCJ&qid=1786580378&sbo=RZvfv%2F%2FHxDF%2BO5021pAnSA%3D%3D&sprefix=%E9%98%B2%E7%81%BD%E3%83%A9%E3%82%B8%E3%82%AA%2B%E6%89%8B%E5%9B%9E%E3%81%97%2B%E3%82%BD%E3%83%BC%E3%83%A9%E3%83%BC%E5%85%85%E9%9B%BB%E5%AF%BE%E5%BF%9C%2B%2Cspecialty-aps%2C175&sr=1-1-9ad0563b-de06-426f-a1d3-3a92323660bd-spons&srs=24999964051&ufe=app_do%3Aamzn1.fos.35785624-70c4-44ae-a5c3-3f044f475d63&sp_csd=d2lkZ2V0TmFtZT1zcF9zZWFyY2hfdGhlbWF0aWM&th=1&linkCode=ll2&tag=midan-22&linkId=a7849623b6852cb4916856b6dbb8c730&ref_=as_li_ss_tl,
知育玩具,自立・自分のペース,積み木(木製積み木セット),ボーネルンド・エドインター等,積む・並べる・壊すというシンプルな遊びで創造力と集中力を育てる,https://www.amazon.co.jp/%E3%81%8F%E3%82%82%E3%82%93%E5%87%BA%E7%89%88-KUMON-PUBLISHING-NEW%E3%82%82%E3%81%98%E3%81%A4%E3%81%BF%E3%81%8D%E3%83%87%E3%83%A9%E3%83%83%E3%82%AF%E3%82%B9%E3%82%BB%E3%83%83%E3%83%88-WB-53/dp/B0CDFXXYWZ?dib=eyJ2IjoiMSJ9.QYElfVXWwEOnxj_lKlzhm7vVUs2Lr0V65BlSJFt2S9a3hEtwqK6fBA0LyLOer9-n5X4Uf_X0P9j_2MbluyzvmfQ3usguihuRgl1rYEyhWsDctsPZgIheZF5pApVsdmTYKBfdq1rf8egmV_jqPMz1cdii8SFpI1n6WDehdevWkngdKnfe8BNUCGX94xSbXHw61UICJwSIaTI94Qc8V6ZSoOZ8xs6Thb3kNQ39xhni-fmXeDbBvOfzqMxNM5eOUUPg0I9b8iIdb2d_-xaDT9Gn-afmlAJn-DZf1boEqSIsDkc.rSDRlOAI0jp7rAjeU9Fmz3Ch-aCck2rQGdkIn4Nj6NI&dib_tag=se&keywords=%E7%A9%8D%E3%81%BF%E6%9C%A8%28%E6%9C%A8%E8%A3%BD%E7%A9%8D%E3%81%BF%E6%9C%A8%E3%82%BB%E3%83%83%E3%83%88%29&qid=1786580405&sr=8-31&th=1&linkCode=ll2&tag=midan-22&linkId=51b5dcc158c2e9992254493c697a9df8&ref_=as_li_ss_tl,
知育玩具,好奇心,磁石ブロック(立体パズル),マグフォーマー等,図形・空間認識を遊びながら育てる、達成感を得やすい知育玩具,https://www.amazon.co.jp/RUI-YUE-%E3%83%9E%E3%82%B0%E3%83%8D%E3%83%83%E3%83%88%E3%83%96%E3%83%AD%E3%83%83%E3%82%AF-70PCS%E6%AD%A3%E6%96%B9%E5%BD%A2%C3%9735%E5%80%8B-%E3%83%9E%E3%83%9E%E3%82%B0%E3%83%8D%E3%83%83%E3%83%88%E3%81%8A%E3%82%82%E3%81%A1%E3%82%83/dp/B08GF96FNY?__mk_ja_JP=%E3%82%AB%E3%82%BF%E3%82%AB%E3%83%8A&crid=13UYIIIR8J083&dib=eyJ2IjoiMSJ9.xVengIFBXL4i8nX_Y0XtY7HZi-5MvhxaDefG9wPvsELt8UjUQV_V3nzKZ55i_PqFGH3YrmN-jyYfvXyvX_NUvJdHqnlLIxVdQ_B-Zhpa1aiWj5up6yGH8oV1jrnUPBbH5jYa1eOBvrPmXEmlY0MlTZBIxGrtailSuv6-_Uj4VsTzeJP64INhH1lPbUTLVBQhsrciVIVgRbOQyIQPn1qgT4yZcA32SvPT8q3Ikt51BToVN88NiBN8Kt4XY-vgLzTyjdRThamWvNtDpYh8CDE2bAlD9VrGF63a-uI-RNS55L4.hpd4KVWlWxDG1VM7eV-txkmPeWMN0BFf0CGpHNlqbUw&dib_tag=se&keywords=%E7%A3%81%E7%9F%B3%E3%83%96%E3%83%AD%E3%83%83%E3%82%AF%28%E7%AB%8B%E4%BD%93%E3%83%91%E3%82%BA%E3%83%AB%29&qid=1786580588&sprefix=%E7%A3%81%E7%9F%B3%E3%83%96%E3%83%AD%E3%83%83%E3%82%AF+%E7%AB%8B%E4%BD%93%E3%83%91%E3%82%BA%E3%83%AB+%2Caps%2C205&sr=8-4-spons&ufe=app_do%3Aamzn1.fos.35785624-70c4-44ae-a5c3-3f044f475d63&sp_csd=d2lkZ2V0TmFtZT1zcF9hdGY&psc=1&linkCode=ll2&tag=midan-22&linkId=abb41d094c3fbc9517426984b83144f2&ref_=as_li_ss_tl,
知育玩具,論理的思考,ビー玉転がし系知育玩具,キュボロ等,完成形をイメージしながら組み立てる、じっくり考える力を育てる,https://www.amazon.co.jp/Mag-Building-%E7%AB%8B%E4%BD%93%E3%83%91%E3%82%BA%E3%83%AB-%E3%82%AF%E3%83%AA%E3%82%B9%E3%83%9E%E3%82%B9-ST%E3%83%9E%E3%83%BC%E3%82%AF%E4%BB%98%E3%81%8D-%E3%82%B0%E3%83%AC%E3%83%BC%E3%83%89%E3%82%A2%E3%83%83%E3%83%9786pcs/dp/B08FZK4QDB?__mk_ja_JP=%E3%82%AB%E3%82%BF%E3%82%AB%E3%83%8A&crid=1QP310X9VMYZJ&dib=eyJ2IjoiMSJ9.ahjKMEHmBTtaOKPVsiztGy7wLiygkdJFr5lLUtxw0ueZSe2VB-YW38q9aSZAWr9pwK9UjU_F37sbTErN46EsOoigvR-FTmgpGWJ4-YnURvPjby5bT1EZmISb3mdbpfHLH0HLp9wlinSUHpNN448gYDXLHZ9oR6kn7toEmlPbdIrd4iNH4a7RyfQls545gF_HeF77Ws1RisQh0LhQP_PAkdUPV0JK5zmZgoaoSFR-RYYmdcaFVTonvGGPQk-EoUi4vKWULrkR4X19Zuy8cXnuM9ig9zFlKKu_jM-Rh1ZgtiI.GHvtkIL13VDLx0ib_9d3A77_dv9BAb7xbyc9V413Gpo&dib_tag=se&keywords=%E3%83%93%E3%83%BC%E7%8E%89%E8%BB%A2%E3%81%8C%E3%81%97%E7%B3%BB%E7%9F%A5%E8%82%B2%E7%8E%A9%E5%85%B7&qid=1786580630&sprefix=%E3%83%93%E3%83%BC%E7%8E%89%E8%BB%A2%E3%81%8C%E3%81%97%E7%B3%BB%E7%9F%A5%E8%82%B2%E7%8E%A9%E5%85%B7%2Caps%2C198&sr=8-8&ufe=app_do%3Aamzn1.fos.35785624-70c4-44ae-a5c3-3f044f475d63&th=1&linkCode=ll2&tag=midan-22&linkId=ca7a43eb5ed1eac66d39d32b37e80966&ref_=as_li_ss_tl,
知育玩具,言葉・好奇心,図鑑(乗り物・生き物など),各出版社,子どもの「なぜ」に応える、興味を深掘りするための一冊,https://www.amazon.co.jp/%E3%80%94%E6%96%B0%E7%89%88%E3%80%95%E4%B9%97%E3%82%8A%E3%82%82%E3%81%AE-DVD%E3%81%A4%E3%81%8D-%E9%89%84%E9%81%93%E3%83%BB%E8%87%AA%E5%8B%95%E8%BB%8A%E3%83%BB%E9%A3%9B%E8%A1%8C%E6%A9%9F%E3%83%BB%E8%88%B9-%E5%B0%8F%E5%AD%A6%E9%A4%A8%E3%81%AE%E5%9B%B3%E9%91%91NEO-%E9%95%B7%E6%A0%B9/dp/4092175140?__mk_ja_JP=%E3%82%AB%E3%82%BF%E3%82%AB%E3%83%8A&crid=2FA24JZDYIG8Y&dib=eyJ2IjoiMSJ9._DnqQ_jZ3yzmmb0QoqG1X_FPKW5tmJY0hpVFu5pHfpo.6dIZh7uc80c_fhfQdWJ5PWQMk41YP6BNtBmZeGNWVr8&dib_tag=se&keywords=%E5%9B%B3%E9%91%91%28%E4%B9%97%E3%82%8A%E7%89%A9%E3%83%BB%E7%94%9F%E3%81%8D%E7%89%A9%E3%81%AA%E3%81%A9%29&qid=1786580656&sprefix=%E5%9B%B3%E9%91%91+%E4%B9%97%E3%82%8A%E7%89%A9+%E7%94%9F%E3%81%8D%E7%89%A9%E3%81%AA%E3%81%A9+%2Caps%2C223&sr=8-4-spons&sp_csd=d2lkZ2V0TmFtZT1zcF9tdGY&psc=1&linkCode=ll2&tag=midan-22&linkId=ba10bc7dea53947dc0771ec57e09cad3&ref_=as_li_ss_tl,
知育玩具,協力・ルール理解,子ども向けボードゲーム,各社,勝ち負けだけでなく、順番やルールを学ぶ対人関係の練習に,https://www.amazon.co.jp/%E3%80%90%E3%81%B2%E3%82%89%E3%81%8C%E3%81%98%E3%82%83%E3%82%93-%E7%89%8C%E3%81%B0%E3%83%BC%E3%81%98%E3%82%87%E3%82%93%E3%80%91-%E3%81%B2%E3%82%89%E3%81%8C%E3%81%AA%E9%BA%BB%E9%9B%80-%E5%AD%90%E3%81%A9%E3%82%82%E3%81%8B%E3%82%89%E5%A4%A7%E4%BA%BA%E3%81%BE%E3%81%A7%E6%A5%BD%E3%81%97%E3%82%81%E3%82%8B%E8%A8%80%E8%91%89%E4%BD%9C%E3%82%8A%E3%82%B2%E3%83%BC%E3%83%A0-EdisonBrain/dp/B0F8BH2RT6?__mk_ja_JP=%E3%82%AB%E3%82%BF%E3%82%AB%E3%83%8A&crid=2NA4NSQ96V21E&dib=eyJ2IjoiMSJ9.kFpoRo7A239J7CjUXyMyscW1PlhjFuOLeM5nlT-_8w2RbFwK7ONgavcTZDn0mrlnUthl0o00g2V8SHsmORKu88HxrwG3z9oCqUUPOU233RibQd_5C_lACmUjFcYhSPoS0iKFOc1CFMCYdn0gdz5ZVASZEjx9sp7eGH3yNLSSJhtkKSliOtUwQNxavgvbbAY8PObhExX9E3iUjrxq1GHWpkjAljzyAStdZfeoisbyyNyHb6JGc4sEfl-_bEiKJsg9qfYQQcQ1Q6-weVZCMeWjMNALu_ZqeuXUUFNPZXlOL3Y.pdvoO-siwkvubqELjzjaEPhZLRquohoHkoWiHX2cTD4&dib_tag=se&keywords=%E5%AD%90%E3%81%A9%E3%82%82%E5%90%91%E3%81%91%E3%83%9C%E3%83%BC%E3%83%89%E3%82%B2%E3%83%BC%E3%83%A0&qid=1786580680&sprefix=%E5%AD%90%E3%81%A9%E3%82%82%E5%90%91%E3%81%91%E3%83%9C%E3%83%BC%E3%83%89%E3%82%B2%E3%83%BC%E3%83%A0%2Caps%2C198&sr=8-1-spons&ufe=app_do%3Aamzn1.fos.35785624-70c4-44ae-a5c3-3f044f475d63&sp_csd=d2lkZ2V0TmFtZT1zcF9hdGY&psc=1&linkCode=ll2&tag=midan-22&linkId=8733eefe6245ed002be5810dc1579e96&ref_=as_li_ss_tl,
タスク管理文具,見える化・チームビルディング,ホワイトボード(マグネット式),各社,「誰が・何を・いつまで」を見える化するチーム運営の基本ツール,https://www.amazon.co.jp/Putenahoto-%E3%83%9B%E3%83%AF%E3%82%A4%E3%83%88%E3%83%9C%E3%83%BC%E3%83%89-%E8%A4%87%E6%95%B0%E3%82%B5%E3%82%A4%E3%82%BA%E3%82%AA%E3%83%97%E3%82%B7%E3%83%A7%E3%83%B3-%E3%83%9B%E3%83%AF%E3%82%A4%E3%83%88%E3%83%9C%E3%83%BC%E3%83%89%E3%82%B7%E3%83%BC%E3%83%88-%E8%B2%BC%E3%81%A3%E3%81%A6%E5%89%A5%E3%81%8C%E3%81%9B%E3%82%8B%E7%B2%98%E7%9D%80%E5%BC%8F/dp/B0BC116TPB?__mk_ja_JP=%E3%82%AB%E3%82%BF%E3%82%AB%E3%83%8A&crid=AUJMH2VVPXZY&dib=eyJ2IjoiMSJ9.C8JZVf-ddy9FEijA-9dGtuTO0SV6mW852SF0aKHx4DM8ykLtX5mb60Pyi7AhAX12qA7Js7QARtp6a3hF7GrY_cY9ayA8ZYTbUAEzZVecivN7wWtErBWzEfXAMSdexvR5dVM3zsL-O5pk64uhAR6sQgNTpCuBVQNiFGdRkgKNiKZNXSO7lUQVEyiCvaXKv2_nk899EBBRC9kG3FEmTEH9W_Z7-ZL8g1Macy9OOkiWXMwTJGmzXPuyjWguDgUm7SYmJBA47XsAMJEKgGd-f-XAHkZdy6no6gGTsbuZzDJ_yT0.WNLJFX7fMehogCSOU_EzGOOlCCAcXul1NwmZtCrfvzw&dib_tag=se&keywords=%E3%83%9B%E3%83%AF%E3%82%A4%E3%83%88%E3%83%9C%E3%83%BC%E3%83%89%28%E3%83%9E%E3%82%B0%E3%83%8D%E3%83%83%E3%83%88%E5%BC%8F%29&qid=1786580707&sprefix=%E3%83%9B%E3%83%AF%E3%82%A4%E3%83%88%E3%83%9C%E3%83%BC%E3%83%89%2B%E3%83%9E%E3%82%B0%E3%83%8D%E3%83%83%E3%83%88%E5%BC%8F%2B%2Caps%2C204&sr=8-2-spons&sp_csd=d2lkZ2V0TmFtZT1zcF9hdGY&th=1&linkCode=ll2&tag=midan-22&linkId=7fc92c0918d06112b30b0a0e3d862eb1&ref_=as_li_ss_tl,
タスク管理文具,見える化,付箋(ポストイット various),3M等,タスクの進捗や変更を柔軟に書き足せる、現場で強い管理ツール,https://www.amazon.co.jp/%E3%83%9D%E3%83%83%E3%83%97%E3%82%A2%E3%83%83%E3%83%97%E3%83%8E%E3%83%BC%E3%83%88%E4%BB%98%E3%81%8D%E3%83%8E%E3%83%BC%E3%83%88%E3%83%87%E3%82%A3%E3%82%B9%E3%83%9A%E3%83%B3%E3%82%B5%E3%83%BC-%E3%83%96%E3%83%A9%E3%83%83%E3%82%AF%E3%83%99%E3%83%BC%E3%82%B9-%E3%82%B9%E3%83%81%E3%83%BC%E3%83%AB%E3%83%88%E3%83%83%E3%83%97-%E3%82%A2%E3%82%AF%E3%82%A2%E3%82%B9%E3%83%97%E3%83%A9%E3%83%83%E3%82%B7%E3%83%A5%E4%BB%98%E7%AE%8B%E3%83%91%E3%83%83%E3%83%89-%E6%95%99%E5%AE%A4%E3%82%84%E3%82%AA%E3%83%95%E3%82%A3%E3%82%B9%E7%94%A8%E5%93%81/dp/B0776MC61W?__mk_ja_JP=%E3%82%AB%E3%82%BF%E3%82%AB%E3%83%8A&crid=272SMENY9E1YV&dib=eyJ2IjoiMSJ9.5gQA-i2KB-0FLRZeKZelm09p-tNoc8OamD1x72SF2r5dymzU2q59Wil9EKP2UjndOwfhyVJNHVj6QTcayVyi2cslXlfpif8zJfDOTOSV-BXYZGTWrUBqF_qHynU_cpMXh5UC3V0t7hq1wVAoIpF1ehXhlMdDJGCrGoeEyVGVSQOHP-D78H-8SO_p2K1VZraEadwm1FIB94yS7yfGX_Igv7CYUcrw9dyQ9SFPFAwRdfYXrUqQZamevkssN_3JcXr3WIrbwI4PjSM6zFM6CDyfTN8UoHue7uvsK09Zu_MVh8Y.1G86mepWz4aylK7YS0U-Mdz7hY1Ue8-crBSPRXkT5m4&dib_tag=se&keywords=%E4%BB%98%E7%AE%8B%28%E3%83%9D%E3%82%B9%E3%83%88%E3%82%A4%E3%83%83%E3%83%88%2Bvarious%29&qid=1786580736&sprefix=%E4%BB%98%E7%AE%8B%2B%E3%83%9D%E3%82%B9%E3%83%88%E3%82%A4%E3%83%83%E3%83%88%2Bvarious%2B%2Caps%2C201&sr=8-1&th=1&linkCode=ll2&tag=midan-22&linkId=87c7340d5661a65e9369d81eb7491353&ref_=as_li_ss_tl,
タスク管理文具,自己管理,ビジネス手帳(月間・週間ブロック式),能率手帳(NOLTY)等,予定とタスクを一元管理する、ロングセラーのビジネス手帳,https://www.amazon.co.jp/IUIMFMEW-%E3%80%902026%E5%B9%B4-%E3%82%B9%E3%82%B1%E3%82%B8%E3%83%A5%E3%83%BC%E3%83%AB%E5%B8%B3%E3%80%91PU%E3%83%AC%E3%82%B6%E3%83%BC%E8%A3%BD-%E9%80%B1%E9%96%93%E3%83%90%E3%83%BC%E3%83%81%E3%82%AB%E3%83%AB-%E6%9C%88%E9%96%93%E3%83%BB%E9%80%B1%E9%96%93%E3%83%AC%E3%82%A4%E3%82%A2%E3%82%A6%E3%83%88/dp/B0GSMK44XB?__mk_ja_JP=%E3%82%AB%E3%82%BF%E3%82%AB%E3%83%8A&crid=1LTGTWD627F5M&dib=eyJ2IjoiMSJ9.6GaMOFtjAB1Sd4j6lCd6AcfmcMyC0hCvgaB-gLCluDu0Ks90P7e93av_LHATgGU39ePNs9kO9-E4RDn4SDL4rCdz-s7LRJiuAJzGlOawYjV6DKjEbrvOFRpyFq6l-_Y1gjof-SxiuR9dLxLbT1A2RAodOIj4SitjTB7SOVubIA2mbJsBztDbObCybdzaaGWl9ym4_hWwTE2eI80rjGrU8MJHqPS75D31SADJZ5bIM-lEoVcyBX44TOxMucmOC9g52SwXZ-EZXGY8O8fof-TRbmc5sB2OZPIOwMb9-ltk8LQ.LlojCuByyhD9RZsXObyut1VU462xd_30CbjPH4zjzCc&dib_tag=se&keywords=%E3%83%93%E3%82%B8%E3%83%8D%E3%82%B9%E6%89%8B%E5%B8%B3%28%E6%9C%88%E9%96%93%E3%83%BB%E9%80%B1%E9%96%93%E3%83%96%E3%83%AD%E3%83%83%E3%82%AF%E5%BC%8F%29&qid=1786580778&sprefix=%E3%83%93%E3%82%B8%E3%83%8D%E3%82%B9%E6%89%8B%E5%B8%B3%2B%E6%9C%88%E9%96%93%2B%E9%80%B1%E9%96%93%E3%83%96%E3%83%AD%E3%83%83%E3%82%AF%E5%BC%8F%2B%2Caps%2C200&sr=8-4-spons&ufe=app_do%3Aamzn1.fos.35785624-70c4-44ae-a5c3-3f044f475d63&sp_csd=d2lkZ2V0TmFtZT1zcF9hdGY&th=1&linkCode=ll2&tag=midan-22&linkId=e4efb8d36a733625be302d5053e11df1&ref_=as_li_ss_tl,
タスク管理文具,集中力・時間管理,ポモドーロタイマー,各社,「区切って集中する」を習慣化するためのシンプルな時間管理ツール,https://www.amazon.co.jp/%E3%80%90TickTime-Cube%EF%BC%A2-%E8%BB%A2%E3%81%8C%E3%81%97%E3%81%A6%E3%80%81%E3%82%AB%E3%82%A6%E3%83%B3%E3%83%88%E3%83%80%E3%82%A6%E3%83%B3%E3%81%8C%E3%82%B9%E3%82%BF%E3%83%BC%E3%83%88%EF%BC%81%E3%80%91%E3%83%9D%E3%83%A2%E3%83%89%E3%83%BC%E3%83%AD%E3%82%BF%E3%82%A4%E3%83%9E%E3%83%BC-%E3%82%AD%E3%83%A5%E3%83%BC%E3%83%96%E3%82%BF%E3%82%A4%E3%83%9E%E3%83%BC-2%E6%AE%B5%E9%9F%B3%E9%87%8F%E8%AA%BF%E6%95%B4%E3%83%A2%E3%83%BC%E3%83%89-%E3%82%AD%E3%83%83%E3%83%81%E3%83%B3%E3%82%BF%E3%82%A4%E3%83%9E%E3%83%BC/dp/B0FSQWSZ4Z?__mk_ja_JP=%E3%82%AB%E3%82%BF%E3%82%AB%E3%83%8A&crid=2W3X404ALC00G&dib=eyJ2IjoiMSJ9.TSL5-3XaRy9mZAQZjDrnPgZf7c8BCi9M7jfuGUUcbvx11hVvjR61MrkBHXxpZmM688IGR1-cdEv-mnC05gRt_2RkG1vLEFzgQgOUUi8P8sp5FFxYkXCIc0wxs0aj6SZJppY3bWEFLrK09FNTP6MuAiavuN3GJi-gdnZLW28cTkkY-WyUzGLryL5C6Bo0-QPdP6TaReohQCYYGo0j4Y73GrGz_ThorGQriJ4BT4s_EYvsxWhmcosZ9bOrN2g5_Z2foFMDkovBeH2wLtXb8DO1fMgYPV_DkfuieCYZn1O118E.bvz8OUziYqANSRWVlYeqhTnJH3pSMOQ9j0iZa5HUNgk&dib_tag=se&keywords=%E3%83%9D%E3%83%A2%E3%83%89%E3%83%BC%E3%83%AD%E3%82%BF%E3%82%A4%E3%83%9E%E3%83%BC&qid=1786580818&sprefix=%E3%83%9D%E3%83%A2%E3%83%89%E3%83%BC%E3%83%AD%E3%82%BF%E3%82%A4%E3%83%9E%E3%83%BC%2Caps%2C186&sr=8-1-spons&ufe=app_do%3Aamzn1.fos.35785624-70c4-44ae-a5c3-3f044f475d63&sp_csd=d2lkZ2V0TmFtZT1zcF9hdGY&th=1&linkCode=ll2&tag=midan-22&linkId=9a9dde4ba70db5b38d64a4c7efeea5c4&ref_=as_li_ss_tl,
タスク管理文具,情報整理,ノート(方眼・バレットジャーナル向け),コクヨ等,タスク・記録・振り返りを一冊にまとめる汎用ノート,https://www.amazon.co.jp/%E3%83%8B%E3%83%88%E3%83%A0%E3%82%BA-STALOGY-2%E3%82%A4%E3%83%A4%E3%83%BC%E3%83%8E%E3%83%BC%E3%83%88-%E3%82%AB%E3%82%AB%E3%82%AA%E3%83%96%E3%83%A9%E3%82%A6%E3%83%B3-SS0129/dp/B0DSMWC5T4?__mk_ja_JP=%E3%82%AB%E3%82%BF%E3%82%AB%E3%83%8A&content-id=amzn1.sym.5766c429-93d1-4bd4-88e3-63cf1ad3d1ce%3Aamzn1.sym.5766c429-93d1-4bd4-88e3-63cf1ad3d1ce&crid=V7I7KE2AK9K&cv_ct_cx=%E3%83%8E%E3%83%BC%E3%83%88%28%E6%96%B9%E7%9C%BC%E3%83%BB%E3%83%90%E3%83%AC%E3%83%83%E3%83%88%E3%82%B8%E3%83%A3%E3%83%BC%E3%83%8A%E3%83%AB%E5%90%91%E3%81%91%29&keywords=%E3%83%8E%E3%83%BC%E3%83%88%28%E6%96%B9%E7%9C%BC%E3%83%BB%E3%83%90%E3%83%AC%E3%83%83%E3%83%88%E3%82%B8%E3%83%A3%E3%83%BC%E3%83%8A%E3%83%AB%E5%90%91%E3%81%91%29&pd_rd_i=B0DSMWC5T4&pd_rd_r=dde6d64a-917f-469c-ae8f-70bbbecf3f6c&pd_rd_w=g05WC&pd_rd_wg=6fBjT&pf_rd_p=5766c429-93d1-4bd4-88e3-63cf1ad3d1ce&pf_rd_r=5T82CT6RGT14WD9NQD5R&qid=1786580846&sbo=RZvfv%2F%2FHxDF%2BO5021pAnSA%3D%3D&sprefix=%E3%83%8E%E3%83%BC%E3%83%88%2B%E6%96%B9%E7%9C%BC%2B%E3%83%90%E3%83%AC%E3%83%83%E3%83%88%E3%82%B8%E3%83%A3%E3%83%BC%E3%83%8A%E3%83%AB%E5%90%91%E3%81%91%2B%2Caps%2C183&sr=1-1-c0900fc6-21a1-47f2-a93f-b57a4e3ad6bc-spons&ufe=app_do%3Aamzn1.fos.35785624-70c4-44ae-a5c3-3f044f475d63&sp_csd=d2lkZ2V0TmFtZT1zcF9zZWFyY2hfdGhlbWF0aWM&th=1&linkCode=ll2&tag=midan-22&linkId=c75903ad74f6ac3d0b90f796fbd9c248&ref_=as_li_ss_tl,
時短家電,家事の自動化,食器洗い乾燥機(据え置き・分岐水栓式),パナソニック等,「毎日の食器洗いから解放される」を実感しやすい定番の時短家電,https://www.amazon.co.jp/%E3%83%91%E3%83%8A%E3%82%BD%E3%83%8B%E3%83%83%E3%82%AF-%E9%A3%9F%E5%99%A8%E6%B4%97%E3%81%84%E4%B9%BE%E7%87%A5%E6%A9%9F-NP-TMLK1-K-%E3%82%B3%E3%83%B3%E3%83%91%E3%82%AF%E3%83%88%E3%82%BF%E3%82%A4%E3%83%97-%E3%83%91%E3%83%BC%E3%82%BD%E3%83%8A%E3%83%AB%E9%A3%9F%E6%B4%97%E6%A9%9F/dp/B0GGMKKGPV?content-id=amzn1.sym.5766c429-93d1-4bd4-88e3-63cf1ad3d1ce%3Aamzn1.sym.5766c429-93d1-4bd4-88e3-63cf1ad3d1ce&cv_ct_cx=%E9%A3%9F%E5%99%A8%E6%B4%97%E3%81%84%E4%B9%BE%E7%87%A5%E6%A9%9F%28%E6%8D%AE%E3%81%88%E7%BD%AE%E3%81%8D%E3%83%BB%E5%88%86%E5%B2%90%E6%B0%B4%E6%A0%93%E5%BC%8F%29&keywords=%E9%A3%9F%E5%99%A8%E6%B4%97%E3%81%84%E4%B9%BE%E7%87%A5%E6%A9%9F%28%E6%8D%AE%E3%81%88%E7%BD%AE%E3%81%8D%E3%83%BB%E5%88%86%E5%B2%90%E6%B0%B4%E6%A0%93%E5%BC%8F%29&pd_rd_i=B0GGMKKGPV&pd_rd_r=7b237d12-f19f-4d45-82b2-119f2c60880c&pd_rd_w=ir0nN&pd_rd_wg=HsOBi&pf_rd_p=5766c429-93d1-4bd4-88e3-63cf1ad3d1ce&pf_rd_r=CP7QM3PGCEJ1JJP2NNZ1&qid=1786580878&sbo=RZvfv%2F%2FHxDF%2BO5021pAnSA%3D%3D&sr=1-1-c0900fc6-21a1-47f2-a93f-b57a4e3ad6bc-spons&ufe=app_do%3Aamzn1.fos.35785624-70c4-44ae-a5c3-3f044f475d63&sp_csd=d2lkZ2V0TmFtZT1zcF9zZWFyY2hfdGhlbWF0aWM&psc=1&linkCode=ll2&tag=midan-22&linkId=f17c59ec43fe110cc0b2746d4b23a7cc&ref_=as_li_ss_tl,
時短家電,ほったらかし調理,自動調理鍋(かき混ぜ機能付き),シャープ ヘルシオ ホットクック等,食材と調味料を入れるだけで完成、目を離せる調理家電,https://www.amazon.co.jp/%E3%83%86%E3%82%A3%E3%83%95%E3%82%A1%E3%83%BC%E3%83%AB-%E3%83%A9%E3%82%AF%E3%83%A9%E3%83%BB%E3%82%AF%E3%83%83%E3%82%AB%E3%83%BC-%E8%87%AA%E5%8B%95%E8%AA%BF%E7%90%86%E9%8D%8B-%E5%9C%A7%E5%8A%9B%E6%A9%9F%E8%83%BD%E4%BB%98%E3%81%8D-CY3811J0A%E3%80%90%E3%82%AA%E3%83%B3%E3%83%A9%E3%82%A4%E3%83%B3%E9%99%90%E5%AE%9A%E3%80%91/dp/B0F9KYLZ7V?__mk_ja_JP=%E3%82%AB%E3%82%BF%E3%82%AB%E3%83%8A&crid=1CTP2YVVEV17N&dib=eyJ2IjoiMSJ9.p4F9-zaobLCF0AV0Ep7ijwJPfyTOeQ0AYKdjDhNHAXjOGtF-bRSRSP9iZpSwv6qA6Bxhhv3y1u_andpbNRYgk1j5HHJUk4QsxDDKYRhk4CpxjMzW3dC09NV9Lek76CTSrwb3j5lsRpqUQ7EpLnbWqHRyaEhjyJweMf0roTs5Ay6gNysiiETpH52CqtQe3GMxD4duwAxAjLiewge7427XG95jVyQNn3gEK-rrnMIxuwE.pRVqjfkqocixlXj2EgbDY4joMXrGJDJz0jOFyeFd2_Y&dib_tag=se&keywords=%E8%87%AA%E5%8B%95%E8%AA%BF%E7%90%86%E9%8D%8B%28%E3%81%8B%E3%81%8D%E6%B7%B7%E3%81%9C%E6%A9%9F%E8%83%BD%E4%BB%98%E3%81%8D%29&qid=1786580909&s=home&sprefix=%E8%87%AA%E5%8B%95%E8%AA%BF%E7%90%86%E9%8D%8B%2B%E3%81%8B%E3%81%8D%E6%B7%B7%E3%81%9C%E6%A9%9F%E8%83%BD%E4%BB%98%E3%81%8D%2B%2Ckitchen%2C177&sr=1-1&ufe=app_do%3Aamzn1.fos.35785624-70c4-44ae-a5c3-3f044f475d63&th=1&linkCode=ll2&tag=midan-22&linkId=beba27f2a598d6a01dfaf9517c407db4&ref_=as_li_ss_tl,
時短家電,自動化,ロボット掃除機(水拭き対応),SwitchBot等,毎日の床掃除を自動化し、「気づいたらきれい」を実現,https://www.amazon.co.jp/Eufy-%E3%83%A6%E3%83%BC%E3%83%95%E3%82%A3-Auto-Empty-%E3%80%90%E8%87%AA%E5%8B%95%E3%82%B4%E3%83%9F%E5%8F%8E%E9%9B%86%E3%82%B9%E3%83%86%E3%83%BC%E3%82%B7%E3%83%A7%E3%83%B3-%E6%AF%9B%E7%B5%A1%E3%81%BF%E9%99%A4%E5%8E%BB%E3%82%B7%E3%82%B9%E3%83%86%E3%83%A0/dp/B0FLX57RL5?__mk_ja_JP=%E3%82%AB%E3%82%BF%E3%82%AB%E3%83%8A&crid=3ASZRJIB9W53Q&dib=eyJ2IjoiMSJ9.1xT6Ey6qThid3ZuyJBosibuXT0f5akCYXdX4DWkuRSqUKfDpAA0uMK8rwqs4bLqonYEOsD0I1_XlcqTPuI6gey9silkm4uuyGMirZlrgc8o5BBM8Su-Qzh4TSHe9KYrAcIJz6gy3OEt4pXwTkzXMU6UWL8ie_OpoPOk2H2zojI7zKoC9Msp61-4zmOaeymMHjtfKNiBhGOtP9QBrtloRJtsd1GZX2qUjH-DryRF1zhE.icNb5pmNKKykaNKHYf1dxusHk5HQrc1pKum21cQmgS4&dib_tag=se&keywords=%E3%83%AD%E3%83%9C%E3%83%83%E3%83%88%E6%8E%83%E9%99%A4%E6%A9%9F%28%E6%B0%B4%E6%8B%AD%E3%81%8D%E5%AF%BE%E5%BF%9C%29&qid=1786580934&s=home&sprefix=%E3%83%AD%E3%83%9C%E3%83%83%E3%83%88%E6%8E%83%E9%99%A4%E6%A9%9F%2B%E6%B0%B4%E6%8B%AD%E3%81%8D%E5%AF%BE%E5%BF%9C%2B%2Ckitchen%2C200&sr=1-4&ufe=app_do%3Aamzn1.fos.35785624-70c4-44ae-a5c3-3f044f475d63&th=1&linkCode=ll2&tag=midan-22&linkId=888e00d6748ab5fa0dce8f6dc7b73b41&ref_=as_li_ss_tl,
時短家電,家事の自動化,ドラム式洗濯乾燥機,各社,洗濯から乾燥まで全自動、「干す」という工程自体をなくす家電,https://www.amazon.co.jp/COMFEE-%E6%B4%97%E6%BF%AF10kg-%E3%82%B9%E3%83%94%E3%83%BC%E3%83%89%E3%82%B3%E3%83%BC%E3%82%B9-60%E2%84%83%E9%99%A4%E8%8F%8C%E3%82%B3%E3%83%BC%E3%82%B9-CD-105DA1/dp/B0FVXBKZB3?dib=eyJ2IjoiMSJ9.JpmA-1xJO32aGVvaTuXDNLeLoNPOC6bp-3U7P_-vbFFQ2X5i8ndaaB59jogMbEW9BLY6duEgqXtDzSBJKzHY7leSySb7Qt30QmdX9w0ZG9VMnWpchfRNkzkDjEc1xtoruOksHNsEda_3VCq1uve1OSOs8-jAQVgHuXseWxNe0vOU1ckzPy6Qcoxt7Ax8glOFVbxM8cctAJyS58O8GbsXDhfpxI-SuW3UZ6Jz1FlnAdCj0QV6CLwXAAMF_0NonEFAJjGPUNiVQ_uOyPNUq-r8GVRk4S2yXz_b_HTNL4KDIFg.-FWUALsXJBChWznUDaF4-rFFx4x3KmdI-SQxG587Ckg&dib_tag=se&keywords=%E3%83%89%E3%83%A9%E3%83%A0%E5%BC%8F%E6%B4%97%E6%BF%AF%E4%B9%BE%E7%87%A5%E6%A9%9F&qid=1786580966&sr=8-2-spons&sp_csd=d2lkZ2V0TmFtZT1zcF9hdGY&th=1&linkCode=ll2&tag=midan-22&linkId=f2d6b090768b5bc5218e71c2451dd988&ref_=as_li_ss_tl,
時短家電,見守り・自動化,スマートリモコン(家電の自動操作),各社,家電の操作をスケジュール化し、日々の細かい手間を減らすツール,https://www.amazon.co.jp/%E3%80%90%E7%86%B1%E4%B8%AD%E7%97%87%E5%AF%BE%E7%AD%96%E3%80%91SwitchBot-%E3%82%B9%E3%83%9E%E3%83%BC%E3%83%88%E3%83%AA%E3%83%A2%E3%82%B3%E3%83%B3-%E8%B5%A4%E5%A4%96%E7%B7%9A%E5%AE%B6%E9%9B%BB%E3%82%92%E7%AE%A1%E7%90%86-Alexa-SmartThings%E3%81%AB%E5%AF%BE%E5%BF%9C/dp/B0DWDQYLXG?__mk_ja_JP=%E3%82%AB%E3%82%BF%E3%82%AB%E3%83%8A&crid=2GQ6RLAPUA35S&dib=eyJ2IjoiMSJ9.f53-KTL1xSTKAvy9yaVo--F6CP5rhM7Nphs1dEf95YVGVagnZ61S7VkeA4uvFoWDjedyqbkxCi_b1UMjavfPjrD_wBI7-TBGuE83lJ1DGKzHLezWCOGjwCmsi_OTJNKUvxbpwXBeNdBi1tfyGAAQACZ7qaSlpiC_kcEgSbJYpATj9i8yhLXfS_2pLM4fPShVftmyFLdegCM0Jb9KhRHgddU78O3_-_M70_a8a0vU2zuQ2x2g_Awzd1IF_uUyzkFaajlxBSqhHhhcfdNlMgb1nqyCM9OLRXV6gQ5GWTaI75s.HjqBSk1seLj6skROrjwC2Ma1vj7Q-YiHeKM9Zz8qstQ&dib_tag=se&keywords=%E3%82%B9%E3%83%9E%E3%83%BC%E3%83%88%E3%83%AA%E3%83%A2%E3%82%B3%E3%83%B3%28%E5%AE%B6%E9%9B%BB%E3%81%AE%E8%87%AA%E5%8B%95%E6%93%8D%E4%BD%9C%29&qid=1786580989&sprefix=%E3%82%B9%E3%83%9E%E3%83%BC%E3%83%88%E3%83%AA%E3%83%A2%E3%82%B3%E3%83%B3+%E5%AE%B6%E9%9B%BB%E3%81%AE%E8%87%AA%E5%8B%95%E6%93%8D%E4%BD%9C+%2Caps%2C200&sr=8-3-spons&ufe=app_do%3Aamzn1.fos.35785624-70c4-44ae-a5c3-3f044f475d63&sp_csd=d2lkZ2V0TmFtZT1zcF9hdGY&psc=1&linkCode=ll2&tag=midan-22&linkId=b6b3b01f7523e5be33f4e3bd3f3a7c64&ref_=as_li_ss_tl,